path,conversions
Paid Search > Organic Search,3961
Direct > Direct,2635
Organic Search > Direct,1709
Direct > Direct > Direct,1396
(unavailable) > Direct,955
Direct > Direct > Direct > Direct,906
(unavailable) > Social Network,837
Paid Search > Direct,657
Organic Search > Direct > Direct,622
Direct > Direct > Direct > Direct > Direct,621
Paid Search > Organic Search > Direct,549
Paid Search > Paid Search,538
Paid Search > Organic Search > Paid Search > Organic Search,494
Paid Search > Paid Search > Organic Search,436
Direct > (unavailable),431
(unavailable) > (unavailable),410
Direct > Direct > Direct > Direct > Direct > Direct,393
(unavailable) > Direct > Direct,367
Direct > Direct > Direct > Direct > Direct > Direct > Direct,338
Organic Search > Direct > Direct > Direct,303
Paid Search > Social Network,296
Email > Direct,287
Paid Search > Organic Search > Paid Search,278
Organic Search > Paid Search > Organic Search,277
Direct > Direct > Direct > Direct > Direct > Direct > Direct > Direct,223
Paid Search > Organic Search > Direct > Direct,218
Paid Search > Direct > Direct,213
Direct > Organic Search,200
(unavailable) > Direct > Direct > Direct,199
Email > Email,193
Organic Search > Paid Search,191
Social Network > Social Network,183
(unavailable) > Referral,173
Organic Search > Direct > Direct > Direct > Direct,171
(unavailable) > Social Network > (unavailable) > Social Network,162
Paid Search > (unavailable),161
Direct > Direct > Direct > Direct > Direct > Direct > Direct > Direct > Direct,157
Direct > (unavailable) > Direct,152
Direct > Email,147
Paid Search > Paid Search > Paid Search,135
(unavailable) > (unavailable) > Direct,130
Paid Search > Organic Search > Direct > Direct > Direct,123
(unavailable) > Direct > Direct > Direct > Direct,114
Email > Direct > Direct,111
Direct > Direct > Direct > Direct > Direct > Direct > Direct > Direct > Direct > Direct > Direct,107
Email > (unavailable),107
Direct > Paid Search,104
Direct > Direct > Direct > Direct > Direct > Direct > Direct > Direct > Direct > Direct,102
Direct > Direct > (unavailable),100
Paid Search > Direct > Direct > Direct,98
Paid Search > Paid Search > Paid Search > Organic Search,95
Social Network > Direct,93
(unavailable) > Direct > (unavailable),92
(unavailable) > Direct > Social Network,92
Direct > Direct > Direct > Direct > Direct > Direct > Direct > Direct > Direct > Direct > Direct > Direct > Direct,91
(unavailable) > (unavailable) > Social Network,86
Direct > Direct > Organic Search,85
Organic Search > Direct > Direct > Direct > Direct > Direct,84
Direct > Direct > Direct > Direct > Direct > Direct > Direct > Direct > Direct > Direct > Direct > Direct,82
(unavailable) > (unavailable) > (unavailable),81
Direct > Organic Search > Direct,80
Direct > (unavailable) > Direct > Direct,77
Direct > Paid Search > Organic Search,77
Paid Search > Paid Search > Direct,76
Paid Search > Paid Search > Organic Search > Paid Search > Organic Search,75
Paid Search > Organic Search > Paid Search > Paid Search > Organic Search,75
Paid Search > Paid Search > Organic Search > Paid Search,73
Paid Search > Email,70
Paid Search > Organic Search > Paid Search > Organic Search > Paid Search > Organic Search,70
Paid Search > Direct > Direct > Direct > Direct,68
Referral > Direct,68
Organic Search > Email,68
Paid Search > Organic Search > Direct > Direct > Direct > Direct,67
Paid Search > Organic Search > Paid Search > Organic Search > Direct,67
(unavailable) > Social Network > (unavailable),67
(unavailable) > Direct > Direct > Direct > Direct > Direct,65
Paid Search > Referral,63
(unavailable) > Paid Search,63
Direct > Direct > Direct > Direct > Direct > Direct > Direct > Direct > Direct > Direct > Direct > Direct > Direct > Direct > Direct,62
Organic Search > (unavailable),60
Organic Search > Direct > Paid Search > Organic Search,57
Organic Search > Direct > Paid Search,56
(unavailable) > Organic Search,55
Paid Search > Direct > Paid Search,53
Paid Search > Paid Search > Organic Search > Direct,53
Organic Search > Paid Search > Organic Search > Direct,52
Direct > Direct > Direct > Direct > Direct > Direct > Direct > Direct > Direct > Direct > Direct > Direct > Direct > Direct,50
Email > Direct > Direct > Direct,48
Social Network > Social Network > Social Network > Social Network,47
Organic Search > Direct > Direct > Direct > Direct > Direct > Direct,46
Paid Search > Organic Search > (unavailable),45
(unavailable) > (unavailable) > Direct > Direct,45
Organic Search > Paid Search > Organic Search > Paid Search > Organic Search,45
Direct > Email > Direct,43
Paid Search > Organic Search > Paid Search > Paid Search > Organic Search > Paid Search > Organic Search,42
Paid Search > Social Network > Paid Search > Social Network,42
Direct > (unavailable) > (unavailable),42
(unavailable) > Referral > (unavailable) > Referral,42
Email > Direct > Email,42
Paid Search > Organic Search > Paid Search > Paid Search,40
Direct > Direct > (unavailable) > Direct,40
Direct > Direct > Direct > Direct > Direct > Direct > Direct > Direct > Direct > Direct > Direct > Direct > Direct > Direct > Direct > Direct,40
Organic Search > Referral,40
Direct > Direct > Direct > Direct > Direct > Direct > Direct > Direct > Direct > Direct > Direct > Direct > Direct > Direct > Direct > Direct > Direct > Direct,39
Paid Search > (unavailable) > Direct,38
Paid Search > Direct > Organic Search,37
Direct > Direct > Direct > Direct > Direct > Direct > Direct > Direct > Direct > Direct > Direct > Direct > Direct > Direct > Direct > Direct > Direct > Direct > Direct,37
Direct > Direct > Paid Search,37
Direct > Paid Search > Direct,37
Email > Email > Email,37
Email > Paid Search,37
Paid Search > Paid Search > Paid Search > Paid Search,36
Direct > Direct > Direct > Organic Search,36
(unavailable) > Email,36
Paid Search > Organic Search > Paid Search > Direct,34
Direct > Direct > Direct > Direct > Direct > Direct > Direct > Direct > Direct > Direct > Direct > Direct > Direct > Direct > Direct > Direct > Direct,34
Direct > Email > Email,34
(unavailable) > Direct > Direct > Direct > Direct > Direct > Direct,33
Email > (unavailable) > Direct,33
Organic Search > Direct > Direct > Direct > Direct > Direct > Direct > Direct,33
Paid Search > Organic Search > Direct > Paid Search > Organic Search,32
Paid Search > Organic Search > Referral,31
(unavailable) > Direct > Social Network > (unavailable) > Social Network,31
(unavailable) > Social Network > (unavailable) > Social Network > (unavailable) > Social Network,30
Email > Organic Search,30
Social Network > (unavailable) > Social Network,30
Paid Search > Organic Search > Direct > Paid Search,29
(unavailable) > Social Network > Social Network,29
Paid Search > Paid Search > Direct > Direct,28
Paid Search > Paid Search > Social Network,28
Direct > Direct > Direct > (unavailable),28
Direct > Direct > Paid Search > Organic Search,28
Paid Search > Organic Search > Paid Search > Direct > Direct,27
(unavailable) > Organic Search > Direct,27
(unavailable) > Social Network > Direct,27
Organic Search > (unavailable) > Direct,27
Paid Search > (unavailable) > Social Network,26
Paid Search > Direct > Direct > Direct > Direct > Direct > Direct,26
Paid Search > Organic Search > Direct > Direct > Direct > Direct > Direct > Direct,26
Paid Search > Organic Search > Paid Search > Organic Search > Paid Search,26
Paid Search > Paid Search > Paid Search > Paid Search > Organic Search,25
Social Network > Direct > Direct,25
Direct > Direct > Direct > Direct > Direct > (unavailable),24
Direct > Direct > Direct > Direct > Direct > Direct > Direct > Direct > Direct > Direct > Direct > Direct > Direct > Direct > Direct > Direct > Direct > Direct > Direct > Direct,24
Organic Search > Paid Search > Paid Search > Organic Search,24
Paid Search > Organic Search > Direct > Direct > Direct > Direct > Direct,23
Paid Search > Social Network > Paid Search,23
Direct > Direct > Direct > Email,23
Direct > Organic Search > Direct > Direct,23
(unavailable) > (unavailable) > (unavailable) > Direct,23
(unavailable) > (unavailable) > Direct > Direct > Direct,23
(unavailable) > Direct > Direct > Direct > Direct > Direct > Direct > Direct,23
Organic Search > Direct > (unavailable),23
Paid Search > Paid Search > Direct > Paid Search,22
Paid Search > Social Network > (unavailable) > Social Network,22
Direct > Direct > Direct > Direct > Direct > Direct > Direct > Direct > Direct > Direct > Direct > Direct > Direct > Direct > Direct > Direct > Direct > Direct > Direct > Direct > Direct > Direct > Direct > Direct,22
Email > Direct > Direct > Direct > Direct,22
Paid Search > Direct > Paid Search > Organic Search,21
Direct > Direct > (unavailable) > Direct > Direct,21
Direct > Direct > Email,21
Direct > Direct > Paid Search > Direct,21
Direct > Paid Search > Paid Search,21
(unavailable) > Direct > Direct > Direct > Direct > Direct > Direct > Direct > Direct,21
Email > Direct > (unavailable),21
Organic Search > Paid Search > Direct,21
Paid Search > Direct > Direct > Direct > Direct > Direct,20
Direct > Direct > (unavailable) > (unavailable),20
Direct > Direct > Paid Search > Direct > Direct,20
Direct > Direct > Organic Search > Direct,20
(unavailable) > (unavailable) > (unavailable) > (unavailable),20
(unavailable) > (unavailable) > (unavailable) > Social Network,20
Email > (unavailable) > Direct > Direct,20
Paid Search > Direct > (unavailable),19
Direct > Direct > Direct > Direct > (unavailable),19
Direct > Direct > Direct > Direct > Direct > Direct > Direct > Direct > Direct > Direct > Direct > Direct > Direct > Direct > Direct > Direct > Direct > Direct > Direct > Direct > Direct > Direct > Direct,19
Direct > Paid Search > Paid Search > Organic Search,19
(unavailable) > Direct > Direct > (unavailable),19
(unavailable) > Direct > Direct > Social Network,19
Paid Search > Paid Search > Paid Search > Organic Search > Paid Search > Organic Search,18
Paid Search > Organic Search > Paid Search > Organic Search > Direct > Direct > Direct,18
Direct > Direct > Direct > Direct > Direct > Direct > Organic Search,18
(unavailable) > (unavailable) > Social Network > (unavailable) > Social Network,18
(unavailable) > Email > (unavailable),18
(unavailable) > Paid Search > Organic Search,18
Email > Direct > Direct > Direct > Direct > Direct,18
Email > Email > (unavailable),18
Email > Email > Email > Email,18
Email > Paid Search > Organic Search,18
Organic Search > Direct > Direct > Direct > Direct > Direct > Direct > Direct > Direct,18
Organic Search > Direct > Direct > Paid Search > Organic Search,18
Organic Search > Paid Search > Paid Search,18
(unavailable) > Direct > (unavailable) > (unavailable),17
(unavailable) > Email > Direct,17
Social Network > Paid Search,17
Paid Search > Direct > Direct > Paid Search > Organic Search,16
Paid Search > Paid Search > Paid Search > Organic Search > Paid Search,16
Direct > (unavailable) > Direct > Direct > Direct,16
Direct > Direct > Direct > Paid Search,16
Direct > Direct > Direct > Direct > Direct > Direct > Direct > Direct > Direct > Direct > Direct > Direct > Direct > Direct > Direct > Direct > Direct > Direct > Direct > Direct > Direct,16
(unavailable) > Direct > Organic Search,16
(unavailable) > Referral > (unavailable),16
Organic Search > Direct > Direct > Paid Search,16
Paid Search > Paid Search > Organic Search > Paid Search > Organic Search > Paid Search > Organic Search,15
Paid Search > Paid Search > Organic Search > Direct > Direct,15
Paid Search > Organic Search > Paid Search > Paid Search > Paid Search,15
Paid Search > Organic Search > Paid Search > Paid Search > Organic Search > Paid Search,15
Paid Search > Organic Search > Paid Search > Organic Search > Paid Search > Organic Search > Paid Search > Organic Search,15
Direct > Direct > Direct > (unavailable) > Direct,15
Direct > Referral,15
Direct > Referral > Direct,15
Direct > Organic Search > Direct > Direct > Direct > Direct > Direct,15
(unavailable) > (unavailable) > Direct > (unavailable),15
(unavailable) > Direct > (unavailable) > Direct,15
Organic Search > Paid Search > Organic Search > Paid Search > Organic Search > Paid Search > Organic Search,15
Social Network > (unavailable),15
Social Network > Referral,15
Paid Search > Direct > Paid Search > Paid Search,14
Paid Search > Direct > Direct > Direct > Direct > Direct > Direct > Direct,14
Paid Search > Paid Search > (unavailable),14
Paid Search > Organic Search > Direct > Direct > Direct > Direct > Direct > Direct > Direct,14
Paid Search > Organic Search > Paid Search > Organic Search > Direct > Paid Search > Organic Search,14
Direct > (unavailable) > (unavailable) > (unavailable),14
Direct > (unavailable) > Direct > (unavailable),14
Direct > Direct > Direct > Direct > Direct > Direct > Direct > Direct > Direct > Direct > Direct > Direct > Direct > Direct > Direct > Direct > Direct > Direct > Direct > Direct > Direct > Direct > Direct > Direct > Direct > Direct,14
Direct > Direct > Direct > Direct > Organic Search,14
Direct > Direct > Direct > Email > Direct,14
Direct > Organic Search > Direct > Direct > Direct,14
(unavailable) > (unavailable) > (unavailable) > (unavailable) > (unavailable),14
(unavailable) > Paid Search > Paid Search,14
(unavailable) > Social Network > (unavailable) > Direct > Social Network,14
Email > Email > Direct,14
Organic Search > Direct > Direct > (unavailable),14
Organic Search > Direct > Direct > Direct > Direct > Paid Search > Organic Search,14
Paid Search > Paid Search > Paid Search > Paid Search > Paid Search,13
Paid Search > Paid Search > Organic Search > Paid Search > Organic Search > Direct,13
Paid Search > Organic Search > Direct > Direct > Direct > Direct > Direct > Direct > Direct > Direct,13
Paid Search > Organic Search > Paid Search > Organic Search > Paid Search > Organic Search > Direct,13
Direct > Direct > Direct > Direct > Direct > Direct > Organic Search > Direct > Direct > Direct > Direct > Direct,13
(unavailable) > (unavailable) > Direct > Social Network,13
(unavailable) > Organic Search > Direct > Direct,13
Organic Search > Direct > Direct > Direct > Direct > Direct > Direct > Direct > Direct > Direct,13
Social Network > Paid Search > Social Network,13
Paid Search > Paid Search > Organic Search > Paid Search > Paid Search > Organic Search,12
Paid Search > Organic Search > Paid Search > Paid Search > Paid Search > Organic Search,12
Paid Search > Organic Search > Paid Search > Organic Search > Direct > Direct,12
Direct > (unavailable) > Direct > Direct > Direct > Direct,12
Direct > Direct > Direct > Direct > Direct > Direct > Direct > Direct > Direct > Direct > Direct > Direct > Direct > Direct > Direct > Direct > Direct > Direct > Direct > Direct > Direct > Direct,12
Direct > Email > (unavailable),12
Direct > Organic Search > Direct > Direct > Direct > Direct,12
(unavailable) > Direct > Paid Search,12
(unavailable) > Paid Search > Social Network,12
Organic Search > Email > Organic Search,12
Organic Search > Referral > Referral,12
Organic Search > Paid Search > Paid Search > Paid Search > Organic Search,12
Organic Search > Paid Search > Organic Search > Paid Search,12
Organic Search > Paid Search > Organic Search > Paid Search > Paid Search > Direct > Organic Search > Direct > Direct > Paid Search > Paid Search > Paid Search > Organic Search > Direct,12
Organic Search > Organic Search,12
Paid Search > Direct > Direct > Direct > Direct > Direct > Direct > Direct > Direct > Direct > Direct,11
Paid Search > Direct > Organic Search > Direct,11
Paid Search > Email > Direct,11
Paid Search > Email > Paid Search,11
Paid Search > Paid Search > Paid Search > Referral,11
Paid Search > Paid Search > Paid Search > Organic Search > Paid Search > Paid Search > Organic Search,11
Paid Search > Social Network > Paid Search > Social Network > Paid Search > Social Network,11
Direct > Direct > (unavailable) > Direct > Direct > Direct,11
Direct > Direct > Direct > Direct > (unavailable) > Direct > Direct > Direct,11
Direct > Direct > Direct > Organic Search > Direct,11
Direct > Direct > Direct > Organic Search > Direct > Direct,11
Direct > Direct > Direct > Organic Search > Paid Search,11
Direct > Direct > Paid Search > Direct > Direct > Direct,11
Direct > Direct > Organic Search > Direct > Direct,11
Direct > Paid Search > Paid Search > Paid Search > Direct,11
Direct > Paid Search > Organic Search > Direct,11
(unavailable) > (unavailable) > Direct > Direct > Direct > Direct,11
(unavailable) > (unavailable) > Direct > Direct > Direct > Direct > Direct > Direct,11
(unavailable) > Direct > (unavailable) > Direct > Direct,11
(unavailable) > Direct > Direct > Direct > (unavailable),11
(unavailable) > Direct > Direct > (unavailable) > Direct > Direct,11
(unavailable) > Paid Search > (unavailable),11
Email > Email > Email > Direct,11
Organic Search > Referral > Direct,11
Organic Search > Referral > Organic Search,11
Social Network > Direct > Social Network,11
Social Network > Social Network > Social Network > Social Network > Social Network > Social Network,11
Paid Search > Direct > Paid Search > Paid Search > Organic Search,10
Paid Search > Direct > Direct > Direct > Direct > Direct > Direct > Direct > Direct,10
Paid Search > Direct > Direct > Direct > Direct > Direct > Direct > Direct > Direct > Direct > Direct > Direct > Direct > Direct,10
Paid Search > Paid Search > Referral,10
Paid Search > Paid Search > Paid Search > Organic Search > Direct,10
Paid Search > Paid Search > Organic Search > Paid Search > Paid Search,10
Paid Search > Paid Search > Organic Search > Paid Search > Organic Search > Paid Search > Organic Search > Paid Search > Organic Search,10
Paid Search > Organic Search > Paid Search > Referral,10
Direct > (unavailable) > Direct > (unavailable) > Direct,10
Direct > Direct > Direct > Direct > Paid Search > Direct,10
Direct > Direct > Direct > (unavailable) > Direct > Direct,10
Direct > Direct > Email > Direct,10
Direct > Email > Direct > Direct,10
Direct > Paid Search > Direct > Direct,10
Direct > Paid Search > Direct > Direct > Direct,10
(unavailable) > Direct > Social Network > (unavailable),10
Email > Direct > Direct > Direct > Direct > Direct > Direct,10
Email > Direct > Direct > Email,10
Email > Direct > (unavailable) > Direct,10
Referral > Direct > Direct,10
Organic Search > Direct > Paid Search > Organic Search > Direct,10
Organic Search > Direct > Paid Search > Organic Search > Paid Search,10
Organic Search > Direct > (unavailable) > Direct,10
Social Network > Direct > (unavailable) > Social Network,10
Paid Search > Direct > Paid Search > Organic Search > Paid Search > Paid Search > Paid Search > Organic Search > Paid Search > Organic Search > Paid Search > Paid Search > Paid Search > Organic Search > Paid Search > Organic Search > Paid Search > Organic Search,9
Paid Search > Direct > (unavailable) > Direct,9
Paid Search > Direct > Email,9
Paid Search > Paid Search > Direct > Direct > Direct,9
Paid Search > Paid Search > Email,9
Paid Search > Paid Search > Organic Search > Direct > Direct > Direct > Direct > Direct,9
Paid Search > Organic Search > (unavailable) > Direct > Direct,9
Paid Search > Organic Search > Paid Search > Paid Search > Organic Search > Direct,9
Paid Search > Organic Search > Paid Search > Direct > Direct > Direct,9
Paid Search > Organic Search > Paid Search > Direct > Paid Search > Organic Search,9
Paid Search > Organic Search > Paid Search > Organic Search > Paid Search > Organic Search > Paid Search,9
Direct > (unavailable) > (unavailable) > Direct,9
Direct > (unavailable) > Organic Search,9
Direct > (unavailable) > Social Network,9
Direct > Direct > Direct > Direct > (unavailable) > Direct,9
Direct > Direct > Direct > Direct > Direct > Direct > Direct > Direct > Direct > Direct > Direct > Direct > Direct > Direct > Direct > Direct > Direct > Direct > Direct > Direct > Direct > Direct > Direct > Direct > Direct,9
Direct > Direct > Direct > Direct > Direct > Direct > Direct > Direct > Direct > Direct > Direct > Direct > Direct > Direct > Direct > Direct > Direct > Direct > Direct > Direct > Direct > Direct > Direct > Direct > Direct > Direct > Direct,9
Direct > Direct > Direct > Direct > Direct > Direct > Direct > Direct > Direct > Direct > Direct > Direct > Direct > Direct > Direct > Direct > Direct > Direct > Direct > Direct > Direct > Direct > Direct > Direct > Direct > Direct > Direct > Direct,9
Direct > Direct > Direct > Direct > Direct > Direct > Organic Search > Direct,9
Direct > Direct > Direct > Direct > Direct > Email > Direct,9
Direct > Direct > Direct > Direct > Direct > Organic Search > Direct > Direct,9
Direct > Direct > Direct > Direct > Organic Search > Direct > Direct,9
Direct > Direct > Direct > (unavailable) > Direct > Direct > Direct > Direct > Direct,9
(unavailable) > (unavailable) > (unavailable) > Direct > (unavailable),9
(unavailable) > Direct > (unavailable) > (unavailable) > Direct > Direct,9
(unavailable) > Direct > Direct > Direct > Direct > (unavailable) > Direct,9
(unavailable) > Direct > Direct > Direct > Direct > Direct > Direct > (unavailable),9
(unavailable) > Direct > Direct > (unavailable) > Direct,9
(unavailable) > Direct > Direct > Organic Search,9
(unavailable) > Referral > (unavailable) > Referral > (unavailable) > Referral,9
(unavailable) > Social Network > Paid Search,9
Email > Paid Search > (unavailable),9
Email > Organic Search > Direct,9
Organic Search > Paid Search > Paid Search > Organic Search > Paid Search > Organic Search,9
Social Network > Social Network > Social Network,9
Paid Search > (unavailable) > Direct > Direct,8
Paid Search > (unavailable) > Direct > Direct > Direct,8
Paid Search > (unavailable) > (unavailable),8
Paid Search > Paid Search > Direct > Direct > Direct > Direct,8
Paid Search > Paid Search > Direct > Organic Search,8
Paid Search > Organic Search > Email,8
Paid Search > Organic Search > Paid Search > Organic Search > Paid Search > Paid Search,8
Paid Search > Organic Search > Paid Search > Organic Search > Paid Search > Organic Search > Paid Search > Organic Search > Paid Search > Organic Search,8
Paid Search > Organic Search > Paid Search > Organic Search > Paid Search > Organic Search > Paid Search > Organic Search > Paid Search > Organic Search > Paid Search > Organic Search,8
Direct > (unavailable) > Direct > Direct > Direct > Direct > Direct,8
Direct > Direct > (unavailable) > Direct > (unavailable) > Direct > (unavailable),8
Direct > Direct > (unavailable) > Direct > Direct > Direct > Direct > Direct,8
Direct > Direct > Direct > Direct > Paid Search > Organic Search > Direct > Direct > Direct > Direct > Direct > Direct,8
Direct > Direct > Direct > Organic Search > Direct > Direct > Direct > Direct > Direct,8
Direct > Direct > Paid Search > Organic Search > Direct,8
Direct > Direct > Organic Search > Direct > Direct > Direct,8
Direct > Email > Paid Search,8
Direct > Email > Direct > (unavailable),8
Direct > Email > Direct > Direct > Direct,8
Direct > Email > Direct > Direct > Direct > Direct > Direct,8
(unavailable) > (unavailable) > (unavailable) > Direct > Direct,8
(unavailable) > (unavailable) > Direct > Direct > Direct > Direct > Direct,8
(unavailable) > (unavailable) > Direct > Direct > Direct > Direct > Direct > Direct > Direct > Direct,8
(unavailable) > (unavailable) > Referral,8
(unavailable) > (unavailable) > Social Network > (unavailable),8
(unavailable) > Direct > (unavailable) > Direct > (unavailable) > Direct > Direct,8
(unavailable) > Direct > (unavailable) > Social Network,8
(unavailable) > Direct > Direct > Paid Search,8
(unavailable) > Direct > Social Network > (unavailable) > Social Network > (unavailable) > Social Network,8
(unavailable) > Paid Search > Paid Search > Paid Search,8
(unavailable) > Paid Search > Referral,8
Email > Direct > Direct > Direct > Direct > Direct > Direct > Direct,8
Email > Direct > Email > Email,8
Email > Paid Search > Direct,8
Referral > Paid Search,8
Organic Search > Direct > Referral,8
Organic Search > Direct > Referral > Organic Search,8
Organic Search > Paid Search > Referral,8
Paid Search > (unavailable) > Paid Search,7
Paid Search > (unavailable) > (unavailable) > Direct,7
Paid Search > (unavailable) > Referral,7
Paid Search > Paid Search > Direct > Paid Search > Paid Search,7
Paid Search > Paid Search > Referral > Paid Search,7
Paid Search > Paid Search > Paid Search > Paid Search > Paid Search > Paid Search,7
Paid Search > Paid Search > Paid Search > Organic Search > Paid Search > Paid Search,7
Paid Search > Paid Search > Paid Search > Organic Search > Paid Search > Organic Search > Paid Search,7
Paid Search > Organic Search > (unavailable) > Paid Search > Organic Search,7
Paid Search > Organic Search > Direct > Direct > Paid Search > Organic Search,7
Paid Search > Organic Search > Paid Search > Organic Search > Paid Search > Paid Search > Organic Search,7
Paid Search > Organic Search > Paid Search > Organic Search > Paid Search > Organic Search > Paid Search > Organic Search > Paid Search,7
Paid Search > Social Network > Direct,7
Direct > (unavailable) > (unavailable) > Direct > Direct,7
Direct > (unavailable) > Direct > Direct > Direct > Direct > Direct > Direct,7
Direct > (unavailable) > Email > (unavailable),7
Direct > Direct > Direct > Direct > Direct > (unavailable) > Direct > Direct,7
Direct > Direct > Direct > Direct > Direct > Direct > Direct > (unavailable),7
Direct > Direct > Direct > Direct > Direct > Direct > Direct > Direct > Direct > Direct > Direct > Direct > Direct > Direct > Direct > Direct > Direct > Direct > Direct > Direct > Direct > Direct > Direct > Direct > Direct > Direct > Direct > Direct > Direct,7
Direct > Direct > Direct > Direct > Direct > Email,7
Direct > Direct > Direct > Direct > Organic Search > Direct,7
Direct > Direct > Direct > (unavailable) > Direct > Direct > Direct,7
Direct > Direct > Direct > (unavailable) > Direct > Direct > Direct > Direct,7
Direct > Direct > Direct > Organic Search > Direct > Direct > Direct,7
Direct > Direct > Email > Direct > Direct,7
Direct > Direct > Email > Direct > Direct > Direct,7
Direct > Direct > Paid Search > Organic Search > Paid Search > Organic Search,7
Direct > Direct > Paid Search > Organic Search > Paid Search > Organic Search > Direct > Direct > Direct > Direct > Direct > Direct > Direct > Paid Search > Email > (unavailable) > Paid Search > Direct,7
Direct > Paid Search > Direct > Direct > Direct > Direct > Direct,7
Direct > Organic Search > Direct > Direct > Direct > Paid Search > Direct > Direct > Direct > Direct > Direct > Direct,7
(unavailable) > (unavailable) > Direct > Direct > Direct > Direct > Direct > Direct > Direct,7
(unavailable) > Direct > Direct > Direct > Direct > Direct > Direct > Direct > Direct > Direct,7
(unavailable) > Direct > Direct > Direct > Direct > Direct > Direct > Direct > Direct > Direct > Direct,7
(unavailable) > Email > (unavailable) > (unavailable),7
(unavailable) > Paid Search > Direct,7
(unavailable) > Paid Search > Direct > Direct,7
(unavailable) > Organic Search > (unavailable),7
(unavailable) > Social Network > (unavailable) > Social Network > Social Network,7
Email > Direct > Direct > (unavailable),7
Email > Direct > Organic Search,7
Email > Email > Email > Email > Email,7
Display > (unavailable),7
Referral > Social Network,7
Organic Search > (unavailable) > Direct > Direct,7
Organic Search > (unavailable) > Organic Search,7
Organic Search > Direct > Direct > Direct > Direct > Direct > Direct > Direct > Direct > Direct > Direct > Direct,7
Organic Search > Direct > Direct > Direct > Paid Search,7
Organic Search > Paid Search > Organic Search > Paid Search > Paid Search > Direct > Organic Search > Direct > Direct > Paid Search > Paid Search > Paid Search > Organic Search > Direct > Direct > Paid Search > Organic Search,7
Social Network > Direct > (unavailable),7
Paid Search > (unavailable) > Paid Search > Direct,6
Paid Search > Direct > Paid Search > Organic Search > Paid Search > Paid Search > Paid Search > Organic Search > Paid Search > Organic Search > Paid Search > Paid Search,6
Paid Search > Direct > Direct > Direct > (unavailable),6
Paid Search > Direct > Direct > Direct > Paid Search,6
Paid Search > Direct > Direct > Direct > Paid Search > Organic Search,6
Paid Search > Direct > Direct > Paid Search,6
Paid Search > Direct > Direct > Organic Search,6
Paid Search > Direct > Social Network,6
Paid Search > Paid Search > (unavailable) > Social Network,6
Paid Search > Paid Search > Referral > Paid Search > Paid Search,6
Paid Search > Paid Search > Paid Search > Paid Search > Paid Search > Direct > Paid Search > Organic Search > Paid Search,6
Paid Search > Paid Search > Paid Search > Paid Search > Paid Search > Organic Search,6
Paid Search > Paid Search > Paid Search > Paid Search > Organic Search > Direct > Direct > Direct > Direct > Paid Search > Paid Search > Organic Search > Paid Search,6
Paid Search > Paid Search > Paid Search > Direct > Direct,6
Paid Search > Paid Search > Organic Search > Paid Search > Direct,6
Paid Search > Paid Search > Organic Search > Paid Search > Organic Search > Direct > Direct,6
Paid Search > Paid Search > Organic Search > Paid Search > Organic Search > Paid Search,6
Paid Search > Paid Search > Organic Search > Direct > Direct > Direct,6
Paid Search > Paid Search > Organic Search > Direct > Paid Search,6
Paid Search > Paid Search > Social Network > Paid Search > Social Network,6
Paid Search > Organic Search > (unavailable) > Direct,6
Paid Search > Organic Search > Direct > (unavailable) > Direct,6
Paid Search > Organic Search > Direct > Direct > Direct > Direct > Direct > Direct > Direct > Direct > Direct,6
Paid Search > Organic Search > Direct > Direct > Direct > Direct > Direct > Direct > Direct > Direct > Direct > Direct > Direct > Direct > Direct > Direct,6
Paid Search > Organic Search > Direct > Paid Search > Organic Search > Direct,6
Paid Search > Organic Search > Paid Search > Direct > Organic Search,6
Paid Search > Organic Search > Paid Search > Organic Search > Paid Search > Organic Search > Paid Search > Paid Search > Organic Search,6
Paid Search > Social Network > (unavailable),6
Paid Search > Social Network > Paid Search > Social Network > (unavailable),6
Paid Search > Social Network > Paid Search > Social Network > (unavailable) > Social Network,6
Paid Search > Social Network > Organic Search,6
Direct > (unavailable) > Direct > Direct > Direct > Direct > (unavailable) > Direct,6
Direct > (unavailable) > Organic Search > (unavailable),6
Direct > Direct > (unavailable) > (unavailable) > Direct,6
Direct > Direct > (unavailable) > Social Network,6
Direct > Direct > Direct > Paid Search > Direct,6
Direct > Direct > Direct > Paid Search > Organic Search,6
Direct > Direct > Direct > Direct > Direct > Direct > Direct > Direct > Direct > Direct > Direct > Direct > Direct > Direct > Direct > Direct > Direct > Direct > Direct > Direct > Direct > Direct > Direct > Direct > Direct > Direct > Direct > Direct > Direct > Direct > Direct,6
Direct > Direct > Direct > Direct > Direct > Direct > Direct > Direct > Direct > Direct > Direct > Direct > Direct > Direct > Direct > Direct > Direct > Direct > Direct > Direct > Direct > Direct > Direct > Direct > Direct > Direct > Direct > Direct > Direct > Direct > Direct > Direct > Direct,6
Direct > Direct > Direct > Direct > Direct > Direct > (unavailable),6
Direct > Direct > Direct > Direct > Direct > Direct > Organic Search > (unavailable) > Direct > Direct > Direct > Email > Direct,6
Direct > Direct > Direct > Direct > Direct > Organic Search,6
Direct > Direct > Direct > Direct > Direct > Organic Search > Direct > Direct > Direct > Direct,6
Direct > Direct > Direct > Direct > Email,6
Direct > Direct > Direct > (unavailable) > (unavailable) > (unavailable) > Direct > Direct > Referral > Direct > Direct > Direct > Direct > Paid Search > Organic Search > Direct > Direct > Direct,6
Direct > Direct > Paid Search > (unavailable),6
Direct > Direct > Paid Search > Direct > Direct > Direct > Direct > Direct > Direct > Direct > Direct,6
Direct > Direct > Organic Search > Paid Search,6
Direct > Email > Direct > Direct > Direct > Direct > Direct > Direct > Direct > Direct > Direct,6
Direct > Email > Email > Email > Email,6
Direct > Paid Search > Direct > Direct > Direct > Direct > Direct > Direct > Direct,6
Direct > Paid Search > (unavailable) > (unavailable),6
Direct > Paid Search > Organic Search > Paid Search,6
Direct > Paid Search > Organic Search > Paid Search > Organic Search,6
Direct > Organic Search > Direct > Paid Search,6
Direct > Organic Search > (unavailable),6
(unavailable) > (unavailable) > (unavailable) > Direct > (unavailable) > (unavailable),6
(unavailable) > (unavailable) > Direct > Direct > Direct > Direct > Direct > Direct > Direct > Direct > Direct > Direct > Direct,6
(unavailable) > (unavailable) > Direct > (unavailable) > (unavailable) > (unavailable) > (unavailable),6
(unavailable) > (unavailable) > Paid Search > (unavailable),6
(unavailable) > (unavailable) > Social Network > Direct,6
(unavailable) > Direct > Direct > Paid Search > Organic Search,6
(unavailable) > Direct > Direct > Direct > Direct > Direct > Direct > Direct > Direct > Direct > Direct > Direct > Direct > Direct > Direct > Direct > Direct,6
(unavailable) > Direct > Email > (unavailable),6
(unavailable) > Direct > Organic Search > Direct,6
(unavailable) > Direct > Social Network > Direct,6
(unavailable) > Email > (unavailable) > Direct,6
(unavailable) > Referral > (unavailable) > Referral > (unavailable),6
(unavailable) > Referral > (unavailable) > Referral > (unavailable) > Referral > (unavailable) > Referral,6
(unavailable) > Social Network > (unavailable) > Direct,6
(unavailable) > Social Network > (unavailable) > Social Network > Direct,6
(unavailable) > Social Network > (unavailable) > Social Network > (unavailable),6
Email > (unavailable) > Direct > (unavailable),6
Email > (unavailable) > Email,6
Email > Direct > Paid Search > Organic Search,6
Email > Direct > Direct > Direct > Direct > Direct > Direct > Direct > Direct > Direct,6
Email > Email > (unavailable) > Direct,6
Email > Email > Paid Search,6
Email > Referral,6
Display > Direct > Direct,6
Organic Search > (unavailable) > Paid Search > Organic Search,6
Organic Search > Direct > Paid Search > Organic Search > Direct > Direct,6
Organic Search > Direct > Paid Search > Organic Search > Paid Search > Organic Search,6
Organic Search > Direct > Direct > Direct > (unavailable),6
Organic Search > Email > Direct,6
Organic Search > Referral > Referral > Referral,6
Organic Search > Paid Search > Organic Search > Direct > Direct,6
Social Network > Direct > Social Network > Social Network > Social Network,6
Social Network > Organic Search,6
Paid Search > (unavailable) > Paid Search > (unavailable),5
Paid Search > (unavailable) > Direct > Direct > Direct > Direct > Direct,5
Paid Search > Direct > Paid Search > Direct,5
Paid Search > Direct > Paid Search > Organic Search > Direct,5
Paid Search > Direct > Direct > (unavailable),5
Paid Search > Direct > Direct > Direct > Direct > Direct > Direct > Direct > Direct > Direct,5
Paid Search > Direct > Direct > Direct > Direct > Direct > Direct > Paid Search > Paid Search > Direct > Direct > Direct > Direct > Direct > Direct > Direct > Direct > Direct > Direct > Direct > Direct > Direct > Direct > Direct > Direct > Direct > Direct > Direct > Direct,5
Paid Search > Direct > Direct > Direct > Direct > Organic Search,5
Paid Search > Direct > Organic Search > Paid Search,5
Paid Search > Email > Email,5
Paid Search > Email > Paid Search > Direct,5
Paid Search > Email > Paid Search > Organic Search,5
Paid Search > Referral > (unavailable),5
Paid Search > Referral > Organic Search,5
Paid Search > Paid Search > Direct > (unavailable),5
Paid Search > Paid Search > Direct > Paid Search > Organic Search,5
Paid Search > Paid Search > Paid Search > Paid Search > Paid Search > Direct > Paid Search > Organic Search > Paid Search > Paid Search,5
Paid Search > Paid Search > Paid Search > Paid Search > Paid Search > Paid Search > Paid Search,5
Paid Search > Paid Search > Paid Search > Paid Search > Paid Search > Paid Search > Organic Search > Direct > Direct,5
Paid Search > Paid Search > Paid Search > Paid Search > Organic Search > Direct > Direct > Direct,5
Paid Search > Paid Search > Paid Search > Direct,5
Paid Search > Paid Search > Paid Search > Email,5
Paid Search > Paid Search > Paid Search > Organic Search > Direct > Paid Search > Organic Search,5
Paid Search > Paid Search > Paid Search > Organic Search > Paid Search > Direct > Direct > Direct > Direct,5
Paid Search > Paid Search > Paid Search > Organic Search > Paid Search > Organic Search > Paid Search > Organic Search,5
Paid Search > Paid Search > Paid Search > Social Network,5
Paid Search > Paid Search > Organic Search > Paid Search > Organic Search > Direct > Paid Search > Organic Search,5
Paid Search > Paid Search > Organic Search > Paid Search > Organic Search > Paid Search > Paid Search > Organic Search,5
Paid Search > Paid Search > Organic Search > Paid Search > Organic Search > Paid Search > Organic Search > Paid Search > Organic Search > Paid Search > Organic Search,5
Paid Search > Paid Search > Organic Search > Direct > Direct > Direct > Direct > Direct > Direct > Direct,5
Paid Search > Organic Search > (unavailable) > (unavailable),5
Paid Search > Organic Search > Direct > Direct > Direct > Direct > Direct > Paid Search > Direct > Paid Search > Direct > Paid Search > Paid Search > Organic Search > Paid Search > Organic Search > Paid Search > Organic Search > Paid Search > Paid Search,5
Paid Search > Organic Search > Direct > Direct > Direct > Direct > Direct > Direct > Direct > Direct > Direct > Direct,5
Paid Search > Organic Search > Direct > Direct > Direct > Direct > Direct > Direct > Direct > Direct > Direct > Direct > Direct > Direct > Direct,5
Paid Search > Organic Search > Direct > Paid Search > Direct,5
Paid Search > Organic Search > Referral > Organic Search > Referral,5
Paid Search > Organic Search > Paid Search > Paid Search > Direct,5
Paid Search > Organic Search > Paid Search > Paid Search > Organic Search > Paid Search > Organic Search > Direct,5
Paid Search > Organic Search > Paid Search > Paid Search > Organic Search > Paid Search > Organic Search > Paid Search,5
Paid Search > Organic Search > Paid Search > Direct > Direct > Direct > Direct > Direct > Direct > Paid Search > Organic Search > Direct > Direct > Direct > Direct > Direct > Direct > Direct,5
Paid Search > Organic Search > Paid Search > Organic Search > Direct > Direct > Paid Search,5
Paid Search > Organic Search > Paid Search > Organic Search > Referral,5
Paid Search > Organic Search > Paid Search > Organic Search > Paid Search > Direct,5
Paid Search > Organic Search > Paid Search > Organic Search > Paid Search > Paid Search > Paid Search,5
Paid Search > Organic Search > Paid Search > Organic Search > Paid Search > Paid Search > Organic Search > Paid Search > Organic Search,5
Paid Search > Organic Search > Paid Search > Organic Search > Paid Search > Organic Search > Paid Search > Paid Search,5
Paid Search > Social Network > Paid Search > Referral,5
Paid Search > Social Network > Paid Search > Social Network > Social Network,5
Paid Search > Social Network > Social Network,5
Direct > (unavailable) > (unavailable) > (unavailable) > (unavailable),5
Direct > (unavailable) > Direct > Direct > Direct > Direct > Direct > Direct > Direct,5
Direct > (unavailable) > Direct > Direct > Direct > Direct > Direct > Direct > Direct > Direct,5
Direct > (unavailable) > Direct > (unavailable) > Direct > Direct > Direct,5
Direct > Direct > (unavailable) > Direct > (unavailable) > Direct > Direct,5
Direct > Direct > (unavailable) > Direct > Direct > Direct > Direct,5
Direct > Direct > (unavailable) > Direct > Direct > Direct > Direct > Direct > Direct,5
Direct > Direct > (unavailable) > (unavailable) > (unavailable),5
Direct > Direct > (unavailable) > (unavailable) > (unavailable) > (unavailable),5
Direct > Direct > (unavailable) > Organic Search > Direct,5
Direct > Direct > Direct > Paid Search > Direct > Direct > Direct > Direct > Direct > Direct > Organic Search > Direct > Direct > Direct > Direct > Direct > Direct > Direct > Direct > Direct > Direct > Direct > Direct > Direct > Direct > Paid Search > Organic Search > Paid Search > Direct > Direct > Direct > Direct > Direct > Direct > Direct > Direct > Direct > Direct > Direct > Organic Search > Direct > Direct > Direct,5
Direct > Direct > Direct > Direct > (unavailable) > Direct > Direct,5
Direct > Direct > Direct > Direct > Direct > Direct > Direct > Direct > Direct > Direct > Direct > Direct > Direct > Direct > Direct > Direct > Direct > Direct > Direct > Direct > Direct > Direct > Direct > Direct > Direct > Direct > Direct > Direct > Direct > Direct,5
Direct > Direct > Direct > Direct > Direct > Direct > Direct > Direct > Direct > Direct > Direct > Direct > Direct > Direct > Direct > Direct > Direct > Direct > Direct > Direct > Direct > Direct > Direct > Direct > Direct > Direct > Direct > Direct > Direct > Direct > Direct > Direct > Direct > Direct > Direct > Direct > Direct,5
Direct > Direct > Direct > Direct > Direct > Direct > Direct > Direct > Direct > Direct > Paid Search > Direct,5
Direct > Direct > Direct > Direct > Direct > Direct > (unavailable) > Direct,5
Direct > Direct > Direct > Direct > Direct > Direct > (unavailable) > Direct > Direct > Direct,5
Direct > Direct > Direct > Direct > Direct > Direct > Organic Search > Direct > Direct > Direct > Direct,5
Direct > Direct > Direct > Direct > Direct > Email > Direct > Direct,5
Direct > Direct > Direct > Direct > Direct > Email > Direct > Direct > Direct > Direct,5
Direct > Direct > Direct > Direct > Direct > Paid Search,5
Direct > Direct > Direct > Direct > Email > Direct > Direct > Direct > Direct,5
Direct > Direct > Direct > Direct > Organic Search > Direct > Direct > Direct > Direct,5
Direct > Direct > Direct > (unavailable) > Direct > Organic Search > Direct > Direct > Direct > (unavailable) > Direct > (unavailable) > Email > (unavailable),5
Direct > Direct > Direct > Email > Direct > Direct > Direct > Direct > Direct,5
Direct > Direct > Email > (unavailable) > Email,5
Direct > Direct > Email > Email,5
Direct > Direct > Paid Search > Direct > Direct > Direct > Direct,5
Direct > Direct > Paid Search > Direct > Direct > Direct > Direct > Direct > Direct > Direct,5
Direct > Direct > Paid Search > Organic Search > Direct > Direct,5
Direct > Direct > Paid Search > Organic Search > Direct > Paid Search > Organic Search,5
Direct > Email > Email > Direct,5
Direct > Organic Search > Direct > Direct > Direct > Paid Search > Direct > Direct > Direct > Direct > Direct > Direct > Organic Search > Direct > Direct > Direct > Direct > Direct > Direct > Direct > Direct > Direct > Direct > Direct > Direct > Direct > Direct > Paid Search > Organic Search > Paid Search > Direct > Direct > Direct > Direct > Direct > Direct > Direct,5
Direct > Organic Search > Direct > Direct > Direct > (unavailable),5
(unavailable) > (unavailable) > (unavailable) > Direct > Direct > Direct > Direct,5
(unavailable) > (unavailable) > Direct > Direct > Social Network > (unavailable) > Social Network,5
(unavailable) > (unavailable) > Direct > (unavailable) > Direct > Direct > Direct > Direct > Direct,5
(unavailable) > (unavailable) > Referral > (unavailable),5
(unavailable) > (unavailable) > Referral > (unavailable) > Referral > Paid Search > (unavailable),5
(unavailable) > Direct > Direct > Direct > Direct > (unavailable),5
(unavailable) > Direct > Direct > Direct > Direct > Direct > Direct > Direct > Direct > Direct > Direct > Direct > Direct,5
(unavailable) > Direct > Direct > (unavailable) > (unavailable),5
(unavailable) > Direct > Direct > Email,5
(unavailable) > Email > Email > (unavailable),5
(unavailable) > Referral > (unavailable) > (unavailable) > (unavailable),5
(unavailable) > Referral > Social Network,5
(unavailable) > Paid Search > Direct > Paid Search > Organic Search,5
(unavailable) > Organic Search > Direct > Direct > Direct > Direct,5
(unavailable) > Social Network > (unavailable) > Social Network > (unavailable) > (unavailable),5
(unavailable) > Social Network > (unavailable) > Social Network > (unavailable) > Direct > Social Network,5
(unavailable) > Social Network > (unavailable) > Social Network > (unavailable) > Social Network > (unavailable) > Social Network,5
Email > (unavailable) > Direct > Direct > Direct,5
Email > (unavailable) > Direct > Email,5
Email > (unavailable) > (unavailable),5
Email > Direct > Direct > Direct > Direct > Direct > Direct > Direct > Direct,5
Email > Direct > Direct > Direct > Direct > Direct > Direct > Direct > Direct > Direct > Direct,5
Email > Direct > Direct > Email > Direct,5
Email > Direct > Direct > Email > Direct > Direct,5
Email > Email > Direct > Direct > Direct,5
Email > Email > Direct > Direct > Direct > Direct > Direct,5
Email > Email > Email > Email > (unavailable),5
Email > Email > Organic Search,5
Email > Referral > Direct,5
Email > Paid Search > Paid Search > Paid Search > Paid Search > Organic Search,5
Email > Paid Search > Organic Search > Paid Search > Email > Paid Search > Organic Search > Paid Search > Direct > Direct > Paid Search > Direct > Paid Search > Direct,5
Referral > Direct > Referral,5
Referral > Paid Search > Referral,5
Referral > Paid Search > Organic Search,5
Organic Search > (unavailable) > (unavailable),5
Organic Search > Direct > Paid Search > Paid Search > Organic Search,5
Organic Search > Direct > Paid Search > Organic Search > Paid Search > Organic Search > Direct,5
Organic Search > Direct > Direct > Direct > Direct > Direct > Direct > Direct > Direct > Direct > Direct,5
Organic Search > Direct > Direct > Direct > Direct > Direct > Referral > Direct,5
Organic Search > Direct > Direct > Direct > Direct > (unavailable) > (unavailable) > Direct > Paid Search,5
Organic Search > Direct > Direct > Direct > Paid Search > Organic Search,5
Organic Search > Direct > Direct > Paid Search > Direct,5
Organic Search > Direct > Direct > Paid Search > Organic Search > Direct > Direct,5
Organic Search > Email > Direct > Direct > Direct,5
Organic Search > Referral > Referral > Organic Search > Direct,5
Organic Search > Paid Search > Direct > Direct > Direct,5
Organic Search > Paid Search > Paid Search > Organic Search > Paid Search > Organic Search > Paid Search > Organic Search > Paid Search > Organic Search,5
Organic Search > Paid Search > Organic Search > Paid Search > Paid Search > Organic Search,5
Organic Search > Paid Search > Organic Search > Direct > Direct > Direct > Direct > Direct,5
Organic Search > Paid Search > Organic Search > Direct > Paid Search > Organic Search,5
Organic Search > Paid Search > Organic Search > Referral,5
Social Network > (unavailable) > Social Network > (unavailable) > Social Network,5
Social Network > Social Network > Direct,5
Social Network > Social Network > Social Network > Direct,5
Social Network > Social Network > Social Network > Social Network > Social Network > Direct > Social Network,5
Paid Search > (unavailable) > Paid Search > (unavailable) > Direct > Direct > Direct > Direct > (unavailable) > Direct > Direct > Direct > Direct,4
Paid Search > (unavailable) > Paid Search > Organic Search > Direct > Direct,4
Paid Search > (unavailable) > Direct > Direct > Direct > Direct,4
Paid Search > (unavailable) > (unavailable) > Direct > Email > Direct > Direct > (unavailable),4
Paid Search > Direct > Paid Search > Direct > Email > Direct,4
Paid Search > Direct > Paid Search > Organic Search > Direct > Paid Search,4
Paid Search > Direct > Paid Search > Organic Search > Paid Search > Paid Search > Paid Search > Organic Search > Paid Search > Organic Search > Paid Search > Paid Search > Paid Search > Organic Search,4
Paid Search > Direct > Direct > Direct > Direct > Paid Search > Organic Search,4
Paid Search > Direct > Direct > Direct > Direct > Direct > Direct > (unavailable) > (unavailable),4
Paid Search > Direct > Direct > Direct > Direct > Direct > Direct > Direct > Direct > Direct > Direct > Direct > Direct > Direct > Direct > Direct > Direct > Direct > Direct > Direct > Direct > Direct > Direct > Direct > Direct > Direct > Direct > Direct > Direct > Direct,4
Paid Search > Direct > Direct > Direct > Direct > Direct > Direct > Direct > (unavailable) > (unavailable) > Email > (unavailable) > Direct > Direct,4
Paid Search > Direct > Direct > Direct > Direct > Direct > Direct > Paid Search > Paid Search > Direct > Direct > Direct > Direct > Direct > Direct > Direct > Direct > Direct > Direct > Direct > Direct > Direct > Direct > Direct > Direct > Direct > Direct,4
Paid Search > Direct > Direct > Direct > Direct > Direct > Paid Search > Direct > Direct > Direct > Direct > Direct > Direct > Paid Search > Direct > Direct > Direct > Direct > Direct > Direct > Direct > Direct > Direct > Direct > Direct > Direct > Direct > Direct > Direct > Direct > Direct > Direct,4
Paid Search > Direct > Direct > Direct > Direct > Organic Search > Direct > Direct,4
Paid Search > Direct > Direct > Direct > Paid Search > Paid Search > Organic Search > Direct,4
Paid Search > Direct > Direct > Referral,4
Paid Search > Direct > Direct > Paid Search > (unavailable) > Referral,4
Paid Search > Direct > Direct > Organic Search > Direct > Direct > Direct,4
Paid Search > Direct > (unavailable) > Direct > Direct,4
Paid Search > Direct > Referral > Referral > Paid Search,4
Paid Search > Email > Direct > Email > Direct,4
Paid Search > Email > Direct > Paid Search > Organic Search,4
Paid Search > Email > Paid Search > Paid Search,4
Paid Search > Email > Paid Search > Organic Search > Paid Search > Organic Search > Paid Search > Organic Search,4
Paid Search > Referral > Paid Search > Email > (unavailable) > Direct > Direct > Direct > Direct > Direct > Paid Search > Email > (unavailable) > Direct > Paid Search > Direct,4
Paid Search > Paid Search > (unavailable) > (unavailable) > Social Network > (unavailable) > (unavailable) > (unavailable) > Paid Search > Social Network,4
Paid Search > Paid Search > Direct > Direct > Paid Search > Organic Search > Direct > Direct,4
Paid Search > Paid Search > Direct > Email > Paid Search > Organic Search > Paid Search > Organic Search > Paid Search > Organic Search,4
Paid Search > Paid Search > Email > Paid Search,4
Paid Search > Paid Search > Referral > Paid Search > Paid Search > Paid Search > Organic Search,4
Paid Search > Paid Search > Referral > Referral,4
Paid Search > Paid Search > Paid Search > Paid Search > Paid Search > (unavailable) > Social Network > (unavailable) > Social Network > (unavailable) > Social Network,4
Paid Search > Paid Search > Paid Search > Paid Search > Paid Search > Paid Search > Paid Search > Paid Search > Organic Search > Social Network > Paid Search > Referral,4
Paid Search > Paid Search > Paid Search > Paid Search > Paid Search > Paid Search > Organic Search,4
Paid Search > Paid Search > Paid Search > Paid Search > Paid Search > Paid Search > Organic Search > Paid Search > Paid Search > Paid Search > Paid Search > Paid Search,4
Paid Search > Paid Search > Paid Search > Paid Search > Organic Search > Direct > Direct > Direct > Direct > Paid Search > Paid Search > Organic Search,4
Paid Search > Paid Search > Paid Search > Paid Search > Organic Search > Direct > Paid Search > Organic Search > Paid Search > Paid Search > Direct > Paid Search > Paid Search > Direct,4
Paid Search > Paid Search > Paid Search > Paid Search > Organic Search > Paid Search > Paid Search,4
Paid Search > Paid Search > Paid Search > Paid Search > Organic Search > Paid Search > Paid Search > Paid Search > Paid Search > Paid Search,4
Paid Search > Paid Search > Paid Search > Direct > Paid Search > Paid Search > Organic Search,4
Paid Search > Paid Search > Paid Search > (unavailable),4
Paid Search > Paid Search > Paid Search > Email > Paid Search > Paid Search > Paid Search > Paid Search > Organic Search > Direct > Paid Search > Paid Search > Paid Search > Paid Search > Paid Search > Organic Search,4
Paid Search > Paid Search > Paid Search > Email > Paid Search > Paid Search > Paid Search > Paid Search > Organic Search > Direct > Paid Search > Paid Search > Paid Search > Paid Search > Paid Search > Organic Search > Direct > Direct > Direct,4
Paid Search > Paid Search > Paid Search > Referral > Referral > (unavailable) > (unavailable) > (unavailable),4
Paid Search > Paid Search > Paid Search > Referral > Paid Search > Direct > Referral > Paid Search > Paid Search > Organic Search > Paid Search > Organic Search > Paid Search > Referral > Referral > Organic Search > Referral > Paid Search > Direct > Referral > Direct,4
Paid Search > Paid Search > Paid Search > Organic Search > Direct > Paid Search > Organic Search > Paid Search > Organic Search > Paid Search > Organic Search,4
Paid Search > Paid Search > Paid Search > Organic Search > Direct > Direct > Direct,4
Paid Search > Paid Search > Paid Search > Organic Search > Direct > Direct > Direct > Direct,4
Paid Search > Paid Search > Paid Search > Organic Search > Paid Search > Direct > Paid Search > Organic Search > Paid Search > Paid Search,4
Paid Search > Paid Search > Paid Search > Organic Search > Paid Search > Paid Search > Paid Search > Paid Search > Direct > Direct > Direct,4
Paid Search > Paid Search > Paid Search > Organic Search > Paid Search > Paid Search > Paid Search > Paid Search > Paid Search > Organic Search > Paid Search > Organic Search > Paid Search > Organic Search > Paid Search > Organic Search > Paid Search > Organic Search > Paid Search > Organic Search > Paid Search > Paid Search > Organic Search,4
Paid Search > Paid Search > Paid Search > Organic Search > Paid Search > Organic Search > Paid Search > Paid Search > Paid Search > Organic Search,4
Paid Search > Paid Search > Paid Search > Organic Search > Paid Search > Organic Search > Direct > Paid Search > Organic Search > (unavailable),4
Paid Search > Paid Search > Organic Search > Paid Search > Paid Search > Display > Paid Search > Organic Search > Paid Search > Paid Search > Direct > Direct > Direct,4
Paid Search > Paid Search > Organic Search > Paid Search > Paid Search > Paid Search > Paid Search > Paid Search > Organic Search > Paid Search > Paid Search > Organic Search > Paid Search > Paid Search > Organic Search > Paid Search > Organic Search > Paid Search > Organic Search,4
Paid Search > Paid Search > Organic Search > Paid Search > Paid Search > Paid Search > Organic Search > Paid Search > Organic Search > Paid Search > Organic Search > Paid Search > Organic Search > Paid Search > Organic Search > Paid Search > Direct > Paid Search > Organic Search > Paid Search > Direct > Paid Search > Paid Search > Organic Search > Direct > Paid Search > Organic Search > Direct,4
Paid Search > Paid Search > Organic Search > Paid Search > Paid Search > Organic Search > Paid Search > Paid Search > Organic Search > Paid Search > Organic Search,4
Paid Search > Paid Search > Organic Search > Paid Search > Paid Search > Organic Search > Paid Search > Organic Search,4
Paid Search > Paid Search > Organic Search > Paid Search > Paid Search > Organic Search > Paid Search > Organic Search > Paid Search > Paid Search > Paid Search > Organic Search > Paid Search > Organic Search,4
Paid Search > Paid Search > Organic Search > Paid Search > Paid Search > Organic Search > Paid Search > Organic Search > Paid Search > Organic Search,4
Paid Search > Paid Search > Organic Search > Paid Search > Organic Search > Direct > (unavailable) > Paid Search > Organic Search > Paid Search > Organic Search > Paid Search > Organic Search > Paid Search > Organic Search > Direct > Direct > Direct,4
Paid Search > Paid Search > Organic Search > Paid Search > Organic Search > Direct > Paid Search > Paid Search,4
Paid Search > Paid Search > Organic Search > Paid Search > Organic Search > Direct > Paid Search > Paid Search > Organic Search,4
Paid Search > Paid Search > Organic Search > Paid Search > Organic Search > Paid Search > Paid Search,4
Paid Search > Paid Search > Organic Search > Paid Search > Organic Search > Paid Search > Paid Search > Paid Search > Paid Search > Paid Search > Organic Search,4
Paid Search > Paid Search > Organic Search > Paid Search > Organic Search > Paid Search > Paid Search > Paid Search > Paid Search > Paid Search > Organic Search > Paid Search > Paid Search,4
Paid Search > Paid Search > Organic Search > Paid Search > Organic Search > Paid Search > Paid Search > Organic Search > Paid Search > Organic Search > Paid Search > Organic Search > Paid Search > Organic Search,4
Paid Search > Paid Search > Organic Search > Paid Search > Organic Search > Paid Search > Organic Search > Paid Search > Referral > Paid Search > Referral > Organic Search > Paid Search > Referral > Paid Search > Organic Search,4
Paid Search > Paid Search > Organic Search > Paid Search > Organic Search > Paid Search > Organic Search > Paid Search > Paid Search > Paid Search > Paid Search,4
Paid Search > Paid Search > Organic Search > Paid Search > Organic Search > Paid Search > Organic Search > Paid Search > Paid Search > Paid Search > Organic Search > Paid Search > Organic Search > Paid Search > Organic Search > Paid Search > Organic Search > Paid Search > Organic Search,4
Paid Search > Paid Search > Organic Search > Paid Search > Organic Search > Paid Search > Organic Search > Paid Search > Organic Search > Paid Search > Organic Search > Paid Search > Paid Search > Organic Search > Paid Search > Organic Search > (unavailable),4
Paid Search > Paid Search > Organic Search > Paid Search > Organic Search > Paid Search > Organic Search > Paid Search > Organic Search > Direct,4
Paid Search > Paid Search > Organic Search > Direct > Direct > Direct > Direct > Direct > Direct,4
Paid Search > Paid Search > Organic Search > Direct > Direct > Direct > Direct > Email > Paid Search,4
Paid Search > Paid Search > Organic Search > Direct > Email,4
Paid Search > Paid Search > Organic Search > (unavailable) > Direct > Direct > Direct > Organic Search > Direct > (unavailable),4
Paid Search > Paid Search > Organic Search > Email,4
Paid Search > Paid Search > Social Network > Paid Search > Paid Search > Paid Search > Social Network > Paid Search > Direct > Social Network > (unavailable),4
Paid Search > Paid Search > Social Network > Paid Search > Social Network > Paid Search > Social Network,4
Paid Search > Paid Search > Social Network > Organic Search,4
Paid Search > Organic Search > (unavailable) > (unavailable) > (unavailable) > (unavailable) > Direct > Direct > (unavailable),4
Paid Search > Organic Search > (unavailable) > Paid Search,4
Paid Search > Organic Search > (unavailable) > Paid Search > Organic Search > Paid Search > Direct,4
Paid Search > Organic Search > Direct > (unavailable) > Direct > Direct,4
Paid Search > Organic Search > Direct > Direct > Paid Search,4
Paid Search > Organic Search > Direct > Direct > Direct > Direct > (unavailable) > Direct > Direct > Direct,4
Paid Search > Organic Search > Direct > Direct > Direct > Direct > Direct > Paid Search > Direct > Paid Search,4
Paid Search > Organic Search > Direct > Direct > Direct > Direct > Direct > Paid Search > Direct > Paid Search > Direct > Paid Search,4
Paid Search > Organic Search > Direct > Direct > Direct > Direct > Direct > Paid Search > Direct > Paid Search > Direct > Paid Search > Paid Search > Organic Search,4
Paid Search > Organic Search > Direct > Direct > Direct > Direct > Direct > Direct > Direct > Direct > Direct > Direct > Direct > Direct > Direct > Direct > Direct > Direct > Direct > Direct > Direct > Direct > Direct,4
Paid Search > Organic Search > Direct > Direct > Direct > Direct > Direct > Direct > Direct > Direct > Direct > Direct > Direct > Direct > Direct > Direct > Direct > Direct > Paid Search,4
Paid Search > Organic Search > Direct > Direct > Direct > Direct > Direct > Direct > Direct > Direct > Direct > Paid Search,4
Paid Search > Organic Search > Direct > Direct > Direct > Direct > Direct > Direct > Direct > Direct > Direct > Paid Search > Organic Search,4
Paid Search > Organic Search > Direct > Direct > Direct > Direct > Direct > Direct > Paid Search > Organic Search > Direct > Paid Search > Paid Search > Organic Search,4
Paid Search > Organic Search > Direct > Direct > Direct > Paid Search > Paid Search,4
Paid Search > Organic Search > Direct > Direct > Direct > Paid Search > Paid Search > Direct > Paid Search,4
Paid Search > Organic Search > Direct > Paid Search > (unavailable) > Paid Search > Paid Search > Paid Search > Paid Search > Paid Search > Direct,4
Paid Search > Organic Search > Direct > Paid Search > Direct > Paid Search > Organic Search,4
Paid Search > Organic Search > Direct > Paid Search > Organic Search > Paid Search,4
Paid Search > Organic Search > Direct > Paid Search > Organic Search > Paid Search > Organic Search > Direct > Paid Search > Organic Search,4
Paid Search > Organic Search > Display > Referral > Referral,4
Paid Search > Organic Search > Referral > Paid Search > Organic Search,4
Paid Search > Organic Search > Referral > Paid Search > Organic Search > Paid Search > Paid Search > Organic Search > Paid Search > Organic Search > Paid Search > Organic Search,4
Paid Search > Organic Search > Referral > Paid Search > Organic Search > Paid Search > Paid Search > Organic Search > Paid Search > Organic Search > Paid Search > Organic Search > Paid Search > Organic Search > Paid Search > Organic Search > Paid Search > Organic Search > Paid Search > Organic Search > Paid Search > Organic Search > Paid Search > Organic Search > Paid Search > Paid Search > Organic Search > Paid Search > Paid Search > Organic Search,4
Paid Search > Organic Search > Referral > Referral > Direct > Direct > Paid Search > Organic Search,4
Paid Search > Organic Search > Referral > Referral > Other Advertising > Organic Search > Paid Search > Organic Search,4
Paid Search > Organic Search > Referral > Organic Search > Referral > Organic Search > Paid Search > Direct > Direct > Paid Search > Direct,4
Paid Search > Organic Search > Paid Search > Paid Search > Direct > Organic Search > Direct > Direct,4
Paid Search > Organic Search > Paid Search > Paid Search > Referral,4
Paid Search > Organic Search > Paid Search > Paid Search > Paid Search > Paid Search > Organic Search > Paid Search > Organic Search > Direct,4
Paid Search > Organic Search > Paid Search > Paid Search > Paid Search > Organic Search > Paid Search,4
Paid Search > Organic Search > Paid Search > Paid Search > Paid Search > Organic Search > Paid Search > Paid Search > (unavailable) > Paid Search > Paid Search > Paid Search > Paid Search > Organic Search > Paid Search,4
Paid Search > Organic Search > Paid Search > Paid Search > Paid Search > Organic Search > Direct > Direct > Direct > Direct > Direct > Paid Search > Organic Search,4
Paid Search > Organic Search > Paid Search > Paid Search > Organic Search > Direct > Paid Search > Organic Search,4
Paid Search > Organic Search > Paid Search > Paid Search > Organic Search > Direct > Paid Search > Organic Search > Paid Search > Organic Search,4
Paid Search > Organic Search > Paid Search > Paid Search > Organic Search > Paid Search > Paid Search > Paid Search > Organic Search > Paid Search > Paid Search > Organic Search > Paid Search > Paid Search > Paid Search > Paid Search > Organic Search > Paid Search > Paid Search > Paid Search > Paid Search > Paid Search > Organic Search > Paid Search > Paid Search > Paid Search > Organic Search > Paid Search > Organic Search > Paid Search,4
Paid Search > Organic Search > Paid Search > Paid Search > Organic Search > Paid Search > Paid Search > Organic Search,4
Paid Search > Organic Search > Paid Search > Paid Search > Organic Search > Paid Search > Paid Search > Organic Search > Paid Search > Organic Search > Paid Search > Organic Search > Paid Search > Organic Search,4
Paid Search > Organic Search > Paid Search > Paid Search > Organic Search > Paid Search > Organic Search > Direct > Paid Search > Organic Search > Direct > Paid Search,4
Paid Search > Organic Search > Paid Search > Paid Search > Organic Search > Paid Search > Organic Search > Direct > Paid Search > Organic Search > Direct > Paid Search > Paid Search > Paid Search > Organic Search > Paid Search > Organic Search,4
Paid Search > Organic Search > Paid Search > Paid Search > Organic Search > Paid Search > Organic Search > Paid Search > Organic Search > Direct,4
Paid Search > Organic Search > Paid Search > Direct > (unavailable) > Direct > (unavailable),4
Paid Search > Organic Search > Paid Search > Direct > Direct > Direct > Direct,4
Paid Search > Organic Search > Paid Search > Direct > Direct > Direct > Email > Direct,4
Paid Search > Organic Search > Paid Search > Direct > Direct > Referral,4
Paid Search > Organic Search > Paid Search > Direct > Direct > Paid Search,4
Paid Search > Organic Search > Paid Search > Direct > Organic Search > Paid Search,4
Paid Search > Organic Search > Paid Search > Direct > Organic Search > Paid Search > Paid Search,4
Paid Search > Organic Search > Paid Search > (unavailable) > Direct > Direct > (unavailable),4
Paid Search > Organic Search > Paid Search > Email > Email,4
Paid Search > Organic Search > Paid Search > Email > Paid Search > Organic Search > Paid Search > Organic Search > Paid Search > Paid Search > Organic Search > Direct,4
Paid Search > Organic Search > Paid Search > Referral > Paid Search,4
Paid Search > Organic Search > Paid Search > Organic Search > (unavailable) > Organic Search > Paid Search,4
Paid Search > Organic Search > Paid Search > Organic Search > Direct > Paid Search > Paid Search > Paid Search > Direct > Direct > Direct > Paid Search > Direct > Direct,4
Paid Search > Organic Search > Paid Search > Organic Search > Direct > Paid Search > Organic Search > Paid Search > Organic Search > Paid Search,4
Paid Search > Organic Search > Paid Search > Organic Search > Direct > Direct > Direct > Paid Search > Organic Search > Paid Search > Paid Search > Organic Search,4
Paid Search > Organic Search > Paid Search > Organic Search > Direct > Direct > Direct > Paid Search > Organic Search > Paid Search > Paid Search > Organic Search > Paid Search > Organic Search > Direct > Paid Search > Direct > Organic Search > Direct > Paid Search,4
Paid Search > Organic Search > Paid Search > Organic Search > Direct > Direct > Social Network > Organic Search,4
Paid Search > Organic Search > Paid Search > Organic Search > Paid Search > Organic Search > Paid Search > Paid Search > Paid Search > Paid Search > Paid Search > Organic Search > Paid Search > Paid Search > Organic Search,4
Paid Search > Organic Search > Paid Search > Organic Search > Paid Search > Organic Search > Paid Search > Organic Search > Direct > Paid Search > Organic Search > Paid Search > Organic Search > Referral > Referral > Paid Search > Referral > Paid Search > Organic Search > Referral > Paid Search > Organic Search,4
Paid Search > Organic Search > Paid Search > Organic Search > Paid Search > Organic Search > Paid Search > Organic Search > Paid Search > Organic Search > Paid Search > Organic Search > Paid Search > Paid Search > Organic Search > Paid Search > Organic Search > Paid Search > Organic Search,4
Paid Search > Organic Search > Paid Search > Organic Search > Social Network > Paid Search > Paid Search > Organic Search,4
Paid Search > Social Network > (unavailable) > Direct > Social Network > Direct > Direct > (unavailable) > Social Network,4
Paid Search > Social Network > (unavailable) > Referral > (unavailable) > (unavailable) > (unavailable) > Referral > (unavailable) > Direct > Referral,4
Paid Search > Social Network > Paid Search > (unavailable),4
Paid Search > Social Network > Paid Search > (unavailable) > (unavailable) > Social Network,4
Paid Search > Social Network > Paid Search > (unavailable) > Social Network,4
Paid Search > Social Network > Social Network > Paid Search > Social Network > Direct > Social Network > Social Network,4
Direct > (unavailable) > (unavailable) > Direct > (unavailable) > (unavailable) > (unavailable) > Direct > (unavailable) > Direct,4
Direct > (unavailable) > (unavailable) > (unavailable) > Paid Search > Organic Search > Direct,4
Direct > (unavailable) > (unavailable) > Email > (unavailable) > (unavailable) > Direct > Direct > Direct > Direct > Direct > (unavailable) > (unavailable),4
Direct > (unavailable) > (unavailable) > Organic Search,4
Direct > (unavailable) > (unavailable) > Social Network,4
Direct > (unavailable) > Direct > Direct > Direct > Direct > Direct > Direct > Direct > Direct > Direct,4
Direct > (unavailable) > Direct > Direct > Direct > Organic Search > Direct,4
Direct > (unavailable) > Direct > Direct > Paid Search > Direct > Paid Search > (unavailable) > Direct > Direct > Direct > Direct,4
Direct > (unavailable) > Direct > (unavailable) > Direct > Direct > Direct > Direct > Paid Search > (unavailable) > Social Network > Direct,4
Direct > (unavailable) > Direct > (unavailable) > Paid Search > Direct > Direct > Direct > Direct > Direct > Direct > Direct,4
Direct > (unavailable) > Direct > Email > Direct > Direct > Direct > Direct,4
Direct > (unavailable) > Email > (unavailable) > Direct > Direct > Email > Direct > (unavailable) > Email,4
Direct > (unavailable) > Email > Direct > Email > (unavailable),4
Direct > (unavailable) > Paid Search > (unavailable) > (unavailable) > Direct,4
Direct > (unavailable) > Paid Search > Organic Search,4
Direct > (unavailable) > Organic Search > Direct,4
Direct > (unavailable) > Organic Search > Paid Search > (unavailable) > Paid Search > Direct > (unavailable) > Organic Search > Paid Search > Email > (unavailable) > Direct > (unavailable) > (unavailable) > (unavailable) > Direct > Direct > Organic Search > Paid Search > Organic Search > Direct > Direct > Direct > Direct > Email > (unavailable) > Direct > Direct > Direct > Direct > Email > Direct > Direct > Direct > Direct > Direct > Direct > Direct > Direct,4
Direct > Direct > (unavailable) > Paid Search > Direct > Direct > Direct > Direct > Direct > Direct > Direct,4
Direct > Direct > (unavailable) > Direct > Direct > Direct > (unavailable) > Direct > Direct > Direct,4
Direct > Direct > (unavailable) > Direct > Email > Organic Search > Email,4
Direct > Direct > (unavailable) > (unavailable) > (unavailable) > (unavailable) > (unavailable) > (unavailable) > Direct > Direct > Email,4
Direct > Direct > (unavailable) > (unavailable) > Direct > Direct > Direct,4
Direct > Direct > (unavailable) > (unavailable) > Direct > Direct > (unavailable),4
Direct > Direct > (unavailable) > Email > (unavailable) > Direct > Direct > Direct > Direct > Direct > Email > Email > Email > Email > Email > Direct > Email > Email > Direct > Direct > Direct > Email > Email > Email > Email > Email > Email > Email > Direct > Email > Email > Email > Email > Email > Direct > Direct > Direct > Direct > Direct > Organic Search > Direct > Direct > Direct > Direct > Direct > Direct > Direct,4
Direct > Direct > Direct > Paid Search > Direct > Paid Search > Direct > Direct > Paid Search > Paid Search > Direct > Direct,4
Direct > Direct > Direct > Paid Search > Direct > Paid Search > Direct > Direct > Paid Search > Paid Search > Direct > Direct > Direct > Direct,4
Direct > Direct > Direct > Paid Search > Direct > Paid Search > Organic Search > Paid Search > Direct > Direct > Direct > Direct > Paid Search > Paid Search,4
Direct > Direct > Direct > Paid Search > Direct > Direct > Direct,4
Direct > Direct > Direct > Paid Search > Direct > Direct > Direct > Direct > Direct > Direct > Direct > Direct > Direct > Organic Search > Direct > Direct > Direct > Direct > Direct,4
Direct > Direct > Direct > Paid Search > Direct > Organic Search > Direct > Direct > Direct > Direct > Direct > Direct > Direct > Direct,4
Direct > Direct > Direct > Paid Search > Paid Search > Direct > Direct > Direct > Direct > Paid Search > Referral > Paid Search > Paid Search > Direct,4
Direct > Direct > Direct > Paid Search > Paid Search > Organic Search,4
Direct > Direct > Direct > Paid Search > Organic Search > Direct > Paid Search > Direct > Email > Direct > Direct > Direct > Paid Search > Organic Search > Paid Search > Organic Search > Direct,4
Direct > Direct > Direct > Direct > (unavailable) > (unavailable),4
Direct > Direct > Direct > Direct > (unavailable) > Direct > Direct > Direct > Direct > Paid Search,4
Direct > Direct > Direct > Direct > (unavailable) > Direct > (unavailable),4
Direct > Direct > Direct > Direct > Direct > (unavailable) > Direct > (unavailable) > Direct > Direct > Direct > Direct > Direct > Direct > Direct > Direct > Direct > Direct > Direct,4
Direct > Direct > Direct > Direct > Direct > (unavailable) > Direct > Direct > Direct,4
Direct > Direct > Direct > Direct > Direct > (unavailable) > Direct > Direct > Direct > Direct > Direct > Direct > Direct > Direct > Direct > Direct,4
Direct > Direct > Direct > Direct > Direct > Direct > Paid Search > Direct > Direct > Direct > Direct,4
Direct > Direct > Direct > Direct > Direct > Direct > Paid Search > Direct > Direct > Direct > Direct > Direct > Direct > Paid Search > Paid Search > Direct > Direct > Direct > Direct > Direct > Direct,4
Direct > Direct > Direct > Direct > Direct > Direct > Direct > (unavailable) > (unavailable) > Email > (unavailable) > Direct > Direct > Direct > Direct,4
Direct > Direct > Direct > Direct > Direct > Direct > Direct > (unavailable) > Direct > Direct > Direct > Direct > Direct > Direct > Direct > Direct > Direct > Direct > Direct > Direct > Organic Search > Direct > Direct > Direct > Direct,4
Direct > Direct > Direct > Direct > Direct > Direct > Direct > (unavailable) > Direct > Direct > Paid Search > Direct > Direct > Direct > Direct > Email,4
Direct > Direct > Direct > Direct > Direct > Direct > Direct > (unavailable) > Direct > (unavailable) > (unavailable),4
Direct > Direct > Direct > Direct > Direct > Direct > Direct > Direct > (unavailable) > Direct > Direct > Direct,4
Direct > Direct > Direct > Direct > Direct > Direct > Direct > Direct > Direct > Paid Search > Direct > Direct > Direct > Direct,4
Direct > Direct > Direct > Direct > Direct > Direct > Direct > Direct > Direct > Paid Search > Direct > Organic Search > Direct > Direct > Paid Search > Direct,4
Direct > Direct > Direct > Direct > Direct > Direct > Direct > Direct > Direct > Direct > Direct > (unavailable),4
Direct > Direct > Direct > Direct > Direct > Direct > Direct > Direct > Direct > Direct > Direct > (unavailable) > Direct > (unavailable) > Direct > Direct > Direct > Direct,4
Direct > Direct > Direct > Direct > Direct > Direct > Direct > Direct > Direct > Direct > Direct > Direct > Direct > Direct > (unavailable) > Direct > Direct > Direct > Direct,4
Direct > Direct > Direct > Direct > Direct > Direct > Direct > Direct > Direct > Direct > Direct > Direct > Direct > Direct > (unavailable) > Direct > Direct > Direct > Direct > Direct > Direct > Direct > Direct > Direct > Direct > Direct > Direct > Direct,4
Direct > Direct > Direct > Direct > Direct > Direct > Direct > Direct > Direct > Direct > Direct > Direct > Direct > Direct > Direct > Direct > (unavailable),4
Direct > Direct > Direct > Direct > Direct > Direct > Direct > Direct > Direct > Direct > Direct > Direct > Direct > Direct > Direct > Direct > Direct > Direct > Direct > Direct > Direct > Direct > Direct > Direct > Direct > Direct > Direct > Direct > Direct > Direct > Direct > Direct > Direct > Direct,4
Direct > Direct > Direct > Direct > Direct > Direct > Direct > Direct > Direct > Direct > Direct > Direct > Direct > Direct > Direct > Direct > Direct > Direct > Direct > Direct > Direct > Direct > Direct > Direct > Direct > Direct > Direct > Direct > Direct > Direct > Direct > Direct > Direct > Direct > Direct > Direct,4
Direct > Direct > Direct > Direct > Direct > Direct > Direct > Direct > Direct > Direct > Direct > Direct > Direct > Direct > Direct > Direct > Direct > Direct > Direct > Direct > Direct > Direct > Direct > Direct > Direct > Direct > Direct > Direct > Referral,4
Direct > Direct > Direct > Direct > Direct > Direct > Direct > Direct > Direct > Direct > Direct > Direct > Direct > Direct > Direct > Direct > Direct > Organic Search,4
Direct > Direct > Direct > Direct > Direct > Direct > Direct > Direct > Direct > Direct > Direct > Direct > Direct > Direct > Direct > Direct > Direct > Organic Search > Direct > (unavailable),4
Direct > Direct > Direct > Direct > Direct > Direct > Direct > Direct > Direct > Direct > Direct > Direct > Direct > Direct > Direct > (unavailable) > Direct > Direct > Direct,4
Direct > Direct > Direct > Direct > Direct > Direct > Direct > Direct > Direct > Direct > Direct > Direct > Direct > Direct > Paid Search > Organic Search > Paid Search > Direct > Direct > Direct > Direct > Direct > Direct > Direct > Direct > Direct > Direct > Direct > Organic Search > Direct > Direct > Direct > Direct > Direct > Direct > Direct > Direct > (unavailable) > Direct > Direct > Direct,4
Direct > Direct > Direct > Direct > Direct > Direct > Direct > Direct > Direct > Direct > Direct > Direct > Direct > Email > Direct > Direct > Direct > Direct > Direct,4
Direct > Direct > Direct > Direct > Direct > Direct > Direct > Direct > Direct > Direct > Direct > Direct > Direct > Display > Direct,4
Direct > Direct > Direct > Direct > Direct > Direct > Direct > Direct > Direct > Direct > Direct > Paid Search > Organic Search > Paid Search > Direct > Direct > Direct > Direct > Direct > Direct > Direct > Direct > Direct > Direct > Direct > Organic Search > Direct > Direct > Direct > Direct > Direct > Direct > Direct > Direct > (unavailable) > Direct > Direct > Direct > Direct > Direct > Paid Search > Paid Search > Direct > Direct > Direct > Direct > Paid Search > (unavailable),4
Direct > Direct > Direct > Direct > Direct > Direct > Direct > Direct > Direct > Email > (unavailable) > Email > (unavailable),4
Direct > Direct > Direct > Direct > Direct > Direct > Direct > Direct > Email > Direct > Direct > Direct > Direct > Direct > Direct > Direct > Direct,4
Direct > Direct > Direct > Direct > Direct > Direct > Direct > Direct > Referral > Direct > Direct > Direct > Direct > Direct > Direct > Direct > Direct > Direct > Direct > Direct > Direct > Direct,4
Direct > Direct > Direct > Direct > Direct > Direct > Direct > Direct > Organic Search,4
Direct > Direct > Direct > Direct > Direct > Direct > Direct > Paid Search > Paid Search > Direct > Direct,4
Direct > Direct > Direct > Direct > Direct > Direct > Direct > Paid Search > Organic Search > Direct > Direct > Direct > Direct > Direct,4
Direct > Direct > Direct > Direct > Direct > Direct > Direct > Paid Search > Organic Search > Paid Search > Paid Search > (unavailable) > Organic Search > (unavailable) > Organic Search,4
Direct > Direct > Direct > Direct > Direct > Direct > Email > Email > Email > Direct > Direct > Direct > Direct > Direct > Direct > Direct > Direct > Direct > Direct > Direct > Email > Direct > Direct > Direct > Direct > Email > Direct > Direct > Direct > Direct > Direct > Direct > Direct > Direct > Direct > Direct > Direct > Direct > Direct > Direct > Direct,4
Direct > Direct > Direct > Direct > Direct > Direct > Referral > Direct > Direct > Direct > Direct > Direct > Paid Search > Paid Search > Organic Search > (unavailable) > Direct > Direct,4
Direct > Direct > Direct > Direct > Direct > Paid Search > Paid Search > (unavailable) > Direct,4
Direct > Direct > Direct > Direct > Direct > Organic Search > Direct,4
Direct > Direct > Direct > Direct > Direct > Organic Search > Direct > Direct > Direct,4
Direct > Direct > Direct > Direct > Paid Search,4
Direct > Direct > Direct > Direct > Paid Search > Paid Search > Paid Search > Paid Search > Paid Search > Paid Search > Direct,4
Direct > Direct > Direct > Direct > Paid Search > Direct > Paid Search > Direct > Direct > Direct > Direct > Direct,4
Direct > Direct > Direct > Direct > Paid Search > Direct > Organic Search > Direct > Direct > Direct > Direct > Direct > Direct > Direct,4
Direct > Direct > Direct > Direct > Paid Search > Organic Search > Paid Search > Direct,4
Direct > Direct > Direct > Direct > Organic Search > Direct > Direct > Direct,4
Direct > Direct > Direct > (unavailable) > (unavailable) > (unavailable) > Direct > Direct > Referral > Direct > Direct > Direct > Direct > Paid Search > Organic Search > Direct > Direct,4
Direct > Direct > Direct > (unavailable) > (unavailable) > Direct > (unavailable),4
Direct > Direct > Direct > (unavailable) > (unavailable) > Display,4
Direct > Direct > Direct > (unavailable) > Direct > Direct > Direct > Direct > Direct > Direct > Direct > Direct > Direct > Direct > Direct > Direct > Direct > Direct > Direct > Direct > Direct > Direct > Direct > Direct > Direct > Direct > (unavailable) > Direct > Direct > Direct > Direct,4
Direct > Direct > Direct > (unavailable) > Direct > Direct > Direct > Direct > Direct > Direct > Direct > Direct > Direct > Direct > Direct > Direct > Direct > Direct > Direct > Direct > Direct > Direct > Direct > Direct > Direct > Direct > (unavailable) > Direct > Direct > Direct > Direct > Direct,4
Direct > Direct > Direct > (unavailable) > Direct > Direct > Direct > Paid Search > Organic Search > Paid Search > Paid Search > Organic Search,4
Direct > Direct > Direct > (unavailable) > Direct > Email > Direct > Direct > Direct > Direct > Direct > Direct > Direct > Direct > Paid Search > Paid Search > Direct > Direct > Direct > Direct > Direct > Direct > Direct,4
Direct > Direct > Direct > (unavailable) > Direct > Organic Search > Direct > Direct > Direct > (unavailable) > Direct > (unavailable) > Email > (unavailable) > Direct,4
Direct > Direct > Direct > Email > (unavailable) > Direct,4
Direct > Direct > Direct > Email > Direct > Direct,4
Direct > Direct > Direct > Organic Search > Paid Search > Direct > Direct,4
Direct > Direct > Email > (unavailable) > Email > Paid Search > Organic Search,4
Direct > Direct > Email > (unavailable) > Paid Search > (unavailable) > Direct > Paid Search > Paid Search > Direct,4
Direct > Direct > Email > Direct > Direct > Direct > Direct > Direct > Paid Search > Organic Search > Direct > Direct,4
Direct > Direct > Email > Direct > Direct > Direct > Direct > Direct > Direct > Direct > Direct > Direct > Direct > (unavailable),4
Direct > Direct > Email > Email > Direct > Email > Direct,4
Direct > Direct > Display > Paid Search > Direct > Direct > Direct > Direct > Direct > Direct > Direct > Direct > Direct,4
Direct > Direct > Display > Direct > Direct,4
Direct > Direct > Referral > Direct > Direct,4
Direct > Direct > Referral > Paid Search > Organic Search > Paid Search > Organic Search > Paid Search,4
Direct > Direct > Paid Search > Direct > Direct > Direct > Direct > Direct > Direct > Direct > Direct > Direct > Direct > Direct,4
Direct > Direct > Paid Search > Direct > Direct > Direct > Direct > Direct > Direct > Paid Search > Paid Search > Direct > Direct > Direct > Direct > Direct > Direct > Direct > Direct > Direct > Direct > Direct > Direct > Direct > Direct,4
Direct > Direct > Paid Search > Direct > Organic Search,4
Direct > Direct > Paid Search > Organic Search > Paid Search > Direct > Paid Search,4
Direct > Direct > Paid Search > Organic Search > Paid Search > Organic Search > Direct > Direct > Direct > Direct > Direct > Direct > Direct > Paid Search > Email > (unavailable),4
Direct > Direct > Paid Search > Organic Search > Paid Search > Organic Search > Direct > Direct > Direct > Direct > Direct > Direct > Direct > Paid Search > Email > (unavailable) > Paid Search,4
Direct > Direct > Paid Search > Organic Search > Paid Search > Organic Search > Direct > Paid Search > Organic Search > Direct > Paid Search > Organic Search,4
Direct > Direct > Paid Search > Organic Search > Direct > Direct > Direct > Direct > Direct > Direct > Direct > Paid Search > Organic Search > Direct > Direct > Direct > Paid Search > Organic Search > (unavailable),4
Direct > Direct > Organic Search > Direct > Direct > Direct > Direct,4
Direct > Direct > Organic Search > Direct > Direct > Direct > Direct > Direct,4
Direct > Direct > Organic Search > Direct > Direct > Direct > Email > Direct > Direct > Organic Search > Direct > Direct > Direct > Direct,4
Direct > Direct > Organic Search > Direct > Referral > Referral,4
Direct > Direct > Other Advertising,4
Direct > Email > Paid Search > Paid Search > Direct > Direct > Direct > Paid Search > Paid Search > Direct > Paid Search > Paid Search > Paid Search > Paid Search > Email > Direct > Direct > Paid Search > Paid Search > Email,4
Direct > Email > Paid Search > Paid Search > Direct > Direct > Direct > Paid Search > Paid Search > Direct > Paid Search > Paid Search > Paid Search > Paid Search > Email > Direct > Direct > Paid Search > Paid Search > Email > Direct > Email > Paid Search,4
Direct > Email > Paid Search > Organic Search,4
Direct > Email > Paid Search > Organic Search > (unavailable) > Direct > Direct > Direct > Direct > Direct > Direct > (unavailable) > Direct > Direct > Direct > Direct > Direct > Direct,4
Direct > Email > Direct > Direct > Direct > Paid Search > Organic Search > Direct,4
Direct > Email > Direct > Direct > Paid Search > Organic Search > Email,4
Direct > Email > (unavailable) > (unavailable),4
Direct > Email > (unavailable) > (unavailable) > Paid Search > Paid Search > Paid Search > Paid Search,4
Direct > Email > (unavailable) > Direct > Direct > Direct > Direct > Email > Direct > Direct > Direct > Direct > Direct > Direct > Direct > Direct > Direct > Direct > Direct > Direct > Direct > Direct > Direct,4
Direct > Email > (unavailable) > Email > (unavailable) > Direct,4
Direct > Email > Email > Email > Email > Email > Email > (unavailable),4
Direct > Email > Email > Email > Email > Email > Email > Direct > Direct > Email > Email,4
Direct > Paid Search > Paid Search > Paid Search > Direct > Direct > Direct,4
Direct > Paid Search > Paid Search > Paid Search > Organic Search > Paid Search > Direct > Direct > Direct,4
Direct > Paid Search > Paid Search > Organic Search > Direct > Paid Search > Referral > Organic Search,4
Direct > Paid Search > Paid Search > Organic Search > Paid Search > Organic Search,4
Direct > Paid Search > Paid Search > Organic Search > Paid Search > Organic Search > Paid Search > Organic Search > Paid Search > Organic Search > Paid Search > Organic Search,4
Direct > Paid Search > Direct > Direct > Direct > Paid Search > Direct,4
Direct > Paid Search > Direct > Direct > Direct > Direct > Direct > Direct > Organic Search,4
Direct > Paid Search > Direct > Direct > Direct > Organic Search > Direct > Direct > Direct > Direct > Direct > Direct > Direct > Direct,4
Direct > Paid Search > Direct > Direct > Direct > Organic Search > Direct > Direct > Direct > Direct > Direct > Direct > Direct > Direct > Direct,4
Direct > Paid Search > Direct > Direct > Paid Search > Organic Search > Direct > Paid Search > Direct > Direct > Direct > Direct > Direct > Direct,4
Direct > Paid Search > (unavailable),4
Direct > Paid Search > (unavailable) > Paid Search > (unavailable) > Direct > Direct,4
Direct > Paid Search > (unavailable) > Paid Search > Organic Search > Paid Search,4
Direct > Paid Search > (unavailable) > Paid Search > Organic Search > Paid Search > Direct > Organic Search > Direct > Direct,4
Direct > Paid Search > Email > Organic Search > Direct > Direct > Direct,4
Direct > Paid Search > Display > (unavailable) > Display > Display > (unavailable) > Social Network,4
Direct > Paid Search > Organic Search > Direct > Direct,4
Direct > Paid Search > Organic Search > Direct > Direct > Direct > Direct > Direct > Direct > Direct,4
Direct > Paid Search > Organic Search > Direct > Direct > Direct > Email > Email > Email > (unavailable),4
Direct > Paid Search > Organic Search > Direct > Direct > Direct > Paid Search > Organic Search,4
Direct > Paid Search > Organic Search > Direct > (unavailable) > Direct > Paid Search > Organic Search > (unavailable) > Direct > Direct > Direct,4
Direct > Paid Search > Organic Search > Paid Search > Paid Search > Organic Search > Direct > Paid Search,4
Direct > Paid Search > Organic Search > Paid Search > Paid Search > Organic Search > Paid Search > Organic Search > Paid Search > Organic Search > Paid Search > Organic Search > Paid Search > Organic Search > Paid Search > Organic Search > Paid Search > Paid Search > Organic Search > Paid Search > Organic Search > Paid Search > Referral > Organic Search > Direct > Paid Search > Organic Search > Paid Search > Paid Search > Organic Search > Direct > Direct > Direct > Direct > Direct > Paid Search > Organic Search > Direct,4
Direct > Organic Search > Paid Search > Organic Search,4
Direct > Organic Search > Direct > Direct > Direct > Paid Search > Direct > Direct > Direct > Direct > Direct,4
Direct > Organic Search > Direct > Direct > Direct > Direct > Email > Direct,4
Direct > Organic Search > Referral > Direct > Direct > Direct > Direct > Direct > Direct,4
Direct > Social Network,4
Direct > Social Network > (unavailable) > Paid Search > Paid Search > Social Network,4
(unavailable) > (unavailable) > (unavailable) > Paid Search > Organic Search,4
(unavailable) > (unavailable) > (unavailable) > Direct > (unavailable) > Direct > Direct > Direct > Organic Search > (unavailable) > Direct > Direct > Direct > Direct > Direct > Direct,4
(unavailable) > (unavailable) > (unavailable) > Direct > (unavailable) > Direct > (unavailable) > Email > Direct,4
(unavailable) > (unavailable) > (unavailable) > Direct > Direct > Referral,4
(unavailable) > (unavailable) > (unavailable) > (unavailable) > Direct > Direct > (unavailable) > Direct > Direct,4
(unavailable) > (unavailable) > (unavailable) > Referral,4
(unavailable) > (unavailable) > Direct > Direct > Direct > Direct > Direct > Direct > Direct > Direct > Direct > Direct,4
(unavailable) > (unavailable) > Direct > Direct > Direct > Direct > Direct > Direct > Direct > Direct > Direct > Direct > Direct > Direct > Direct,4
(unavailable) > (unavailable) > Direct > Direct > Direct > Direct > (unavailable),4
(unavailable) > (unavailable) > Direct > Direct > Direct > Paid Search,4
(unavailable) > (unavailable) > Direct > (unavailable) > (unavailable) > (unavailable) > (unavailable) > Direct,4
(unavailable) > (unavailable) > Direct > (unavailable) > (unavailable) > Direct > (unavailable),4
(unavailable) > (unavailable) > Direct > (unavailable) > Direct > Direct > Direct > Direct > Direct > Direct,4
(unavailable) > (unavailable) > Direct > (unavailable) > Direct > Organic Search,4
(unavailable) > (unavailable) > Direct > (unavailable) > Social Network,4
(unavailable) > (unavailable) > Email > (unavailable) > Direct > Paid Search > (unavailable) > Email > Email > Email > (unavailable) > (unavailable) > (unavailable),4
(unavailable) > (unavailable) > Referral > (unavailable) > Referral > Paid Search,4
(unavailable) > (unavailable) > Paid Search > Direct > Direct > Direct,4
(unavailable) > (unavailable) > Paid Search > Organic Search > Paid Search > Direct,4
(unavailable) > (unavailable) > Social Network > (unavailable) > (unavailable) > Social Network > (unavailable) > Social Network,4
(unavailable) > (unavailable) > Social Network > (unavailable) > Direct > Direct > Paid Search > Social Network,4
(unavailable) > (unavailable) > Social Network > (unavailable) > Social Network > (unavailable) > Social Network,4
(unavailable) > Direct > (unavailable) > Paid Search > Organic Search > Direct > Direct > Paid Search > (unavailable),4
(unavailable) > Direct > (unavailable) > Direct > Direct > (unavailable) > (unavailable) > (unavailable) > (unavailable) > Direct > (unavailable) > (unavailable) > (unavailable) > Direct > Direct > Direct > (unavailable) > (unavailable) > Email > (unavailable) > (unavailable) > Direct > Direct > Direct,4
(unavailable) > Direct > (unavailable) > Direct > Direct > Direct,4
(unavailable) > Direct > (unavailable) > (unavailable) > Direct > Direct > (unavailable) > Direct > (unavailable) > (unavailable) > (unavailable) > (unavailable),4
(unavailable) > Direct > (unavailable) > (unavailable) > Referral > (unavailable) > Direct > (unavailable) > (unavailable) > Referral > (unavailable) > (unavailable),4
(unavailable) > Direct > (unavailable) > Email > (unavailable),4
(unavailable) > Direct > Direct > Paid Search > (unavailable) > Direct > Direct > Direct > (unavailable),4
(unavailable) > Direct > Direct > Paid Search > Direct > Direct > Direct > Direct > Direct > Direct > Direct > Direct > Paid Search > Organic Search > Direct > Direct > Direct > (unavailable),4
(unavailable) > Direct > Direct > Paid Search > Paid Search > (unavailable) > Direct > Direct > Direct > Direct,4
(unavailable) > Direct > Direct > Paid Search > Paid Search > Paid Search > Paid Search > Paid Search > (unavailable) > Direct > Direct > Direct > Direct > Direct,4
(unavailable) > Direct > Direct > Paid Search > Organic Search > Direct,4
(unavailable) > Direct > Direct > Direct > (unavailable) > (unavailable),4
(unavailable) > Direct > Direct > Direct > (unavailable) > (unavailable) > Direct,4
(unavailable) > Direct > Direct > Direct > Direct > Direct > Direct > Direct > Direct > Direct > (unavailable) > Direct > Direct > (unavailable),4
(unavailable) > Direct > Direct > Direct > Direct > Direct > Direct > Direct > Direct > Direct > Direct > Direct > Direct > Direct > (unavailable) > (unavailable),4
(unavailable) > Direct > Direct > Direct > Direct > Direct > Direct > Direct > Direct > Direct > Direct > Direct > Direct > Direct > Direct > Direct > Direct > (unavailable) > Direct > Organic Search > Direct > Direct > Direct,4
(unavailable) > Direct > Direct > Direct > Direct > Direct > (unavailable) > Direct > Direct > (unavailable) > Direct > Direct > Direct > (unavailable) > (unavailable) > Direct > (unavailable) > (unavailable),4
(unavailable) > Direct > Direct > Direct > Email > (unavailable),4
